Glucose,BMI,Age,Results
138,33.6,47,1
84,38.2,23,0
145,44.2,31,1
135,42.3,24,1
139,40.7,21,0
173,46.5,58,0
99,25.6,28,0
194,26.1,67,0
83,36.8,24,0
89,33.5,42,0
99,32.8,33,0
125,28.9,45,1
80,0,22,0
166,26.6,66,0
110,26,30,0
81,30.1,25,0
195,25.1,55,1
154,29.3,39,0
117,25.2,21,0
84,37.2,28,0
0,39,41,1
94,33.3,41,0
96,37.3,40,0
75,33.3,38,0
180,36.5,35,1
130,28.6,21,0
84,30.4,21,0
120,25,64,0
84,29.7,46,1
139,22.1,21,0
91,24.2,58,0
91,27.3,22,0
99,25.6,24,0
163,31.6,28,1
122,27.6,45,0
103,24,33,0
138,33.2,35,0
102,32.9,46,1
90,38.2,27,1
111,37.1,56,1
180,34,26,0
133,40.2,37,0
106,22.7,48,0
171,45.4,54,1
159,27.4,40,0
180,42,25,1
146,29.7,29,0
71,28,22,0
103,39.1,31,1
105,0,24,0
103,19.4,22,0
101,24.2,26,0
88,24.4,30,0
176,33.7,58,1
150,34.7,42,0
73,23,21,0
187,37.7,41,1
100,46.8,31,0
146,40.5,44,0
105,41.5,22,0
84,0,21,0
133,32.9,39,1
44,25,36,0
141,25.4,24,0
114,32.8,42,1
99,29,32,0
109,32.5,38,1
109,42.7,54,0
95,19.6,25,0
146,28.9,27,0
100,32.9,28,1
139,28.6,26,0
126,43.4,42,1
129,35.1,23,0
79,32,22,0
0,24.7,22,0
62,32.6,41,0
95,37.7,27,0
131,43.2,26,1
112,25,24,0
113,22.4,22,0
74,0,22,0
83,29.3,36,0
101,24.6,22,0
137,48.8,37,1
110,32.4,27,0
106,36.6,45,0
100,38.5,26,0
136,37.1,43,1
107,26.5,24,0
80,19.1,21,0
123,32,34,0
81,46.7,42,0
134,23.8,60,1
142,24.7,21,0
144,33.9,40,0
92,31.6,24,0
71,20.4,22,0
93,28.7,23,0
122,49.7,31,1
163,39,33,1
151,26.1,22,0
125,22.5,21,0
81,26.6,24,0
85,39.6,27,0
126,28.7,21,0
96,22.4,27,0
144,29.5,37,0
83,34.3,25,0
95,37.4,24,1
171,33.3,24,1
155,34,46,1
89,31.2,23,0
76,34,25,0
160,30.5,39,1
146,31.2,61,1
124,34,38,1
78,33.7,25,0
97,28.2,22,0
99,23.2,21,0
162,53.2,25,1
111,34.2,24,0
107,33.6,23,0
132,26.8,69,0
113,33.3,23,1
88,55,26,1
120,42.9,30,0
118,33.3,23,0
117,34.5,40,1
105,27.9,62,1
173,29.7,33,1
122,33.3,33,1
170,34.5,30,1
84,38.3,39,0
96,21.1,26,0
125,33.8,31,0
100,30.8,21,0
93,28.7,22,0
129,31.2,29,0
105,36.9,28,0
128,21.1,55,0
106,39.5,38,0
108,32.5,22,0
108,32.4,42,1
154,32.8,23,0
102,0,21,0
57,32.8,41,0
106,30.5,34,0
147,33.7,65,0
90,27.3,22,0
136,37.4,24,0
114,21.9,37,0
156,34.3,42,1
153,40.6,23,0
188,47.9,43,1
152,50,36,1
99,24.6,21,0
109,25.2,23,0
88,29,22,0
163,40.9,47,1
151,29.7,36,0
102,37.2,45,0
114,44.2,27,0
100,29.7,21,0
131,31.6,32,1
104,29.9,41,1
148,32.5,22,0
120,29.6,34,0
110,31.9,29,0
111,28.4,29,0
102,30.8,36,1
134,35.4,29,1
87,28.9,25,0
79,43.5,23,0
75,29.7,33,0
179,32.7,36,1
85,31.2,42,0
129,67.1,26,1
143,45,47,0
130,39.1,37,1
87,23.2,32,0
119,34.9,23,0
0,27.7,21,0
73,26.8,27,0
141,27.6,40,0
194,35.9,41,1
181,30.1,60,1
128,32,33,1
109,27.9,31,1
139,31.6,25,1
111,22.6,21,0
123,33.1,40,0
159,30.4,36,1
135,52.3,40,1
85,24.4,42,0
158,39.4,29,1
105,24.3,21,0
107,22.9,23,1
109,34.8,26,1
148,30.9,29,1
113,31,21,0
138,40.1,28,0
108,27.3,32,0
99,20.4,27,0
103,37.7,55,0
111,23.9,27,0
196,37.5,57,1
162,37.7,52,1
96,33.2,21,0
184,35.5,41,1
81,27.7,25,0
147,42.8,24,0
179,34.2,60,0
140,42.6,24,1
112,34.2,36,1
151,41.8,38,1
109,35.8,25,1
125,30,32,0
85,29,32,1
112,37.8,41,1
177,34.6,21,1
158,31.6,66,1
119,25.2,37,0
142,28.8,61,0
100,23.6,26,0
87,34.6,22,0
101,35.7,26,0
162,37.2,24,1
197,36.7,31,0
117,45.2,24,0
142,44,22,1
134,46.2,46,1
79,25.4,22,0
122,35,29,0
74,29.7,23,0
171,43.6,26,1
181,35.9,51,1
179,44.1,23,1
164,30.8,32,1
104,18.4,27,0
91,29.2,21,0
91,33.1,22,0
139,25.6,22,1
119,27.1,33,1
146,38.2,29,0
184,30,49,1
122,31.2,41,0
165,52.3,23,0
124,35.4,34,0
111,30.1,23,0
106,31.2,42,0
129,28,27,0
90,24.4,24,0
86,35.8,25,0
92,27.6,44,1
113,33.6,21,1
111,30.1,30,0
114,28.7,25,0
193,25.9,24,0
155,33.3,51,1
191,30.9,34,0
141,30,27,1
95,32.1,24,0
142,32.4,63,0
123,32,35,1
96,33.6,43,0
138,36.3,25,1
128,40,24,0
102,25.1,21,0
146,27.5,28,1
101,45.6,38,1
108,25.2,21,0
122,23,40,0
71,33.2,21,0
106,34.2,52,0
100,40.5,25,0
106,26.5,29,1
104,27.8,23,0
114,24.9,57,0
108,25.3,22,0
146,37.9,28,1
129,35.9,39,0
133,32.4,37,0
161,30.4,47,1
108,27,52,1
136,26,51,0
155,38.7,34,0
119,45.6,29,1
96,20.8,26,0
108,36.1,33,0
78,36.9,21,0
107,36.6,25,1
128,43.3,31,1
128,40.5,24,1
161,21.9,65,0
151,35.5,28,0
146,28,29,1
126,30.7,24,0
100,36.6,46,1
112,23.6,58,0
167,32.3,30,1
144,31.6,25,1
77,35.8,35,0
115,52.9,28,1
150,21,37,0
120,39.7,29,0
161,25.5,47,1
137,24.8,21,0
128,30.5,25,1
124,32.9,30,1
80,26.2,41,0
106,39.4,22,0
155,26.6,27,1
113,29.5,25,0
109,35.9,43,1
112,34.1,26,0
99,19.3,30,0
182,30.5,29,1
115,38.1,28,0
194,23.5,59,1
129,27.5,31,0
112,31.6,25,1
124,27.4,36,1
152,26.8,43,1
112,35.7,21,0
157,25.6,24,0
122,35.1,30,1
179,35.1,37,0
102,45.5,23,1
105,30.8,37,0
118,23.1,46,0
87,32.7,25,0
180,43.3,41,1
106,23.6,44,0
95,23.9,22,0
165,47.9,26,0
117,33.8,44,0
115,31.2,44,1
152,34.2,33,1
178,39.9,41,1
130,25.9,22,0
95,25.9,36,0
0,32,22,0
122,34.7,33,0
95,36.8,57,0
126,38.5,49,0
139,28.7,22,0
116,23.5,23,0
99,21.8,26,0
0,41,37,1
92,42.2,29,0
137,31.2,30,0
61,34.4,46,0
90,27.2,24,0
90,42.7,21,0
165,30.4,49,1
125,33.3,28,1
129,39.9,44,1
88,35.3,48,0
196,36.5,29,1
189,31.2,29,1
158,29.8,63,0
103,39.2,65,0
146,38.5,67,1
147,34.9,30,0
99,34,30,0
124,27.6,29,1
101,21,21,0
81,27.5,22,0
133,32.8,45,1
173,38.4,25,1
118,0,21,0
84,35.8,21,0
105,34.9,25,0
122,36.2,28,0
140,39.2,58,1
98,25.2,22,0
87,37.2,22,0
156,48.3,32,1
93,43.4,35,0
107,30.8,24,0
105,20,22,0
109,25.4,21,0
90,25.1,25,0
125,24.3,25,0
119,22.3,24,0
116,32.3,35,1
105,43.3,45,1
144,32,58,1
100,31.6,28,0
100,32,42,0
166,45.7,27,1
131,23.7,21,0
116,22.1,37,0
158,32.9,31,1
127,27.7,25,0
96,24.7,39,0
131,34.3,22,1
82,21.1,25,0
193,34.9,25,1
95,32,31,1
137,24.2,55,0
136,35,35,1
72,31.6,38,0
168,32.9,41,1
123,42.1,26,0
115,28.9,46,1
101,21.9,25,0
197,25.9,39,1
172,42.4,28,1
102,35.7,28,0
112,34.4,25,0
143,42.4,22,0
143,26.2,21,0
138,34.6,21,1
173,35.7,22,1
97,27.2,22,0
144,38.5,37,1
83,18.2,27,0
129,26.4,28,1
119,45.3,26,0
94,26,21,0
102,40.6,21,0
115,30.8,21,0
151,42.9,36,1
184,37,31,1
94,0,25,0
181,34.1,38,1
135,40.6,26,0
95,35,43,1
99,22.2,23,0
89,30.4,38,0
80,30,22,0
139,25.6,29,0
90,24.5,36,0
141,42.4,29,1
140,37.4,41,0
147,29.9,28,0
97,18.2,21,0
107,36.8,31,0
189,34.3,41,1
83,32.2,22,0
117,33.2,24,0
108,30.5,33,1
117,29.7,30,1
180,59.4,25,1
100,25.3,28,0
95,36.5,26,0
104,33.6,22,1
120,30.5,26,0
82,21.2,23,0
134,28.9,23,1
91,39.9,25,0
119,19.6,72,0
100,37.8,24,0
175,33.6,38,1
135,26.7,62,0
86,30.2,24,0
148,37.6,51,1
134,25.9,81,0
120,20.8,48,0
71,21.8,26,0
74,35.3,39,0
88,27.6,37,0
115,24,34,0
124,21.8,21,0
74,27.8,22,0
97,36.8,25,0
120,30,38,1
154,46.1,27,0
144,41.3,28,0
137,33.2,22,0
119,38.8,22,0
136,29.9,50,0
114,28.9,24,0
137,27.3,59,0
105,33.7,29,1
114,23.8,31,0
126,25.9,39,0
132,28,63,0
158,35.5,35,1
123,35.2,29,0
85,27.8,28,0
145,30.3,53,0
125,37.6,51,1
76,32.8,41,1
129,19.6,60,0
68,25,25,0
124,33.2,26,0
114,0,26,0
130,34.2,45,0
125,31.6,24,0
87,21.8,21,0
97,18.2,21,1
116,26.3,24,0
117,30.8,22,0
111,24.6,31,0
122,29.8,22,0
107,45.3,24,1
86,41.3,29,0
91,29.8,31,0
77,33.3,24,0
132,32.9,23,1
105,29.6,46,0
57,21.7,67,0
127,36.3,23,0
129,36.4,32,1
100,39.4,43,0
128,32.4,27,0
90,34.9,56,0
84,39.5,25,1
88,32,29,0
186,34.5,37,0
187,43.6,53,0
131,33.1,28,0
164,32.8,50,1
189,28.5,37,1
116,27.4,21,0
84,31.9,25,0
114,27.8,66,0
88,29.9,23,0
84,36.9,28,0
124,25.5,37,0
97,38.1,30,1
110,27.8,58,0
103,46.2,42,0
85,30.1,35,0
125,33.8,54,0
198,41.3,28,0
87,37.6,24,0
99,26.9,32,0
91,32.4,27,0
95,26.1,22,0
99,38.6,21,0
92,32,46,0
154,31.3,37,1
121,34.3,33,0
78,32.5,39,0
130,22.6,21,0
111,29.5,22,1
98,34.7,22,1
143,30.1,23,1
119,35.5,25,1
108,24,35,0
118,42.9,21,0
133,27,36,1
197,34.7,62,1
151,42.1,21,0
109,25,27,0
121,26.5,62,0
100,38.7,42,0
124,28.7,52,0
93,22.5,22,0
143,34.9,41,0
103,24.3,29,0
176,33.3,52,0
73,21.1,25,0
111,46.8,45,0
112,39.4,24,0
132,34.4,44,0
82,28.5,25,1
123,33.6,34,1
188,32,22,0
67,45.3,46,0
89,27.8,21,0
173,36.8,38,0
109,23.1,26,0
108,27.1,24,0
96,23.7,28,0
124,27.8,30,1
150,35.2,54,0
183,28.4,36,0
124,35.8,21,0
181,40,22,0
92,19.5,25,0
152,41.5,27,0
111,24,23,0
106,30.9,24,1
174,32.9,36,0
168,38.2,40,1
105,32.5,26,1
138,36.1,50,0
106,25.8,27,0
117,28.7,30,0
68,20.1,23,1
112,28.2,50,0
119,32.4,24,1
112,38.4,28,0
92,24.2,28,1
183,40.8,45,0
94,43.5,21,1
108,30.8,21,0
90,37.7,29,1
125,24.7,21,0
132,32.4,21,0
128,34.6,45,1
94,24.7,21,0
114,27.4,34,0
102,34.5,24,1
111,26.2,23,0
128,27.5,22,0
92,25.9,31,0
104,31.2,38,0
104,28.8,48,1
94,31.6,23,1
97,40.9,32,0
100,19.5,28,1
102,29.3,27,0
128,34.3,24,0
147,29.5,50,0
90,28,31,0
103,27.6,27,1
157,39.4,30,1
167,23.4,33,0
179,37.8,22,1
136,28.3,42,0
107,26.4,23,0
91,25.2,23,0
117,33.8,27,1
123,34.1,28,1
120,26.8,27,0
106,34.2,22,0
155,38.7,25,0
101,21.8,22,0
120,38.9,41,0
127,39,51,0
80,34.2,27,0
162,27.7,54,0
199,42.9,22,0
167,37.6,43,0
145,37.9,40,1
115,33.7,40,0
112,34.8,24,0
145,32.5,70,0
111,27.5,40,0
98,34,43,1
154,30.9,45,0
165,33.6,49,0
99,25.4,21,1
68,35.5,47,0
123,57.3,22,0
91,35.6,68,0
195,30.9,31,1
156,24.8,53,0
93,35.3,25,0
121,36,25,0
101,24.2,23,1
56,24.2,22,1
162,49.6,26,1
95,44.6,22,0
125,32.3,27,0
136,0,69,0
129,33.2,25,0
130,23.1,22,0
107,28.3,29,0
140,24.1,23,1
144,46.1,46,0
107,24.6,34,0
158,42.3,44,0
121,39.1,23,1
129,38.5,43,0
90,23.5,25,1
142,30.4,43,1
169,29.9,31,1
99,25,22,1
127,34.5,28,0
118,44.5,26,1
122,35.9,26,1
125,27.6,49,0
168,35,52,0
129,38.5,41,0
110,28.4,27,0
80,39.8,28,0
115,0,30,0
127,34.4,22,0
164,32.8,45,1
93,38,23,1
158,31.2,24,0
126,29.6,40,1
129,41.2,38,0
134,26.4,21,0
102,29.5,32,1
187,33.9,34,0
173,33.8,31,1
94,23.1,56,0
108,35.5,24,0
97,35.6,52,0
83,29.3,34,0
114,38.1,21,0
149,29.3,42,1
117,39.1,42,0
111,32.8,45,1
112,39.4,38,0
116,36.1,25,1
141,32.4,22,0
175,22.9,22,1
92,30.1,22,1
130,28.4,34,0
120,28.4,22,0
174,44.5,24,0
106,29,22,0
105,23.3,53,1
95,35.4,28,1
126,27.4,21,0
65,32,42,0
99,36.6,21,0
102,39.5,42,1
120,42.3,48,0
102,30.8,26,1
109,28.5,22,1
140,32.7,45,0
153,40.6,39,0
100,30,46,1
147,49.3,27,0
81,46.3,32,0
187,36.4,36,1
162,24.3,50,1
136,31.2,22,0
121,39,28,0
108,26,25,1
181,43.3,26,0
154,32.4,45,0
128,36.5,37,1
137,32,39,0
123,36.3,52,0
106,37.5,26,0
190,35.5,66,0
88,28.4,22,0
170,44,43,0
89,22.5,33,0
101,32.9,63,1
122,36.8,27,1
121,26.2,30,1
126,30.1,47,0
93,30.4,23,0
136,20.1,44,0
116,40.2,50,0
142,38.3,63,0
183,80.6,40,0
100,64.4,36,1
163,40.7,33,1
139,50.7,50,0
167,52.7,28,0
162,48.7,24,1
,,,0
,,,0
,,,1
,,,0
,,,1
,,,1
,,,1
,,,0
,,,0
,,,1
,,,1
,,,1
,,,0
,,,1
,,,0
,,,1
,,,0
,,,1
,,,0
,,,0
,,,0
,,,0
,,,1
,,,0
,,,1
,,,0
,,,1
,,,1
,,,0
,,,1
,,,0
,,,0
,,,1
,,,0
,,,1
,,,1
,,,0
,,,0
,,,1
,,,0
,,,1
,,,0
,,,0
,,,1
,,,0
,,,1
,,,0
,,,1
,,,1
,,,1
,,,0
,,,0
,,,1
,,,0
,,,1
,,,0
,,,0
,,,0
,,,1
,,,0
,,,0
,,,0
,,,0
,,,1
,,,1
,,,1
,,,0
,,,0
,,,0
,,,0
,,,0
,,,0
,,,0
,,,0
,,,0
,,,1
,,,0
,,,0
,,,0
,,,0
,,,0
,,,1
,,,1
,,,1
,,,0
,,,1
,,,1
,,,0
,,,0
,,,1
,,,0
,,,0
,,,1
,,,0
,,,0
,,,1
,,,1
,,,0
,,,0
,,,0
,,,0
,,,1
,,,0
,,,0
,,,1
,,,0
,,,0
,,,0
,,,0
,,,0
,,,0
,,,0
,,,1
,,,1
,,,1
,,,0
,,,0
,,,1
,,,0
,,,0
,,,1
,,,0
,,,0
,,,1
,,,0
,,,1
,,,1
,,,0
,,,1
,,,0
,,,1
,,,0
,,,1
,,,0
,,,1
,,,1
,,,0
,,,0
,,,0
,,,0
,,,1
,,,1
,,,0
,,,1
,,,0
,,,1
,,,0
,,,0
,,,0
,,,0
,,,1
,,,1
,,,0
,,,1
,,,0
,,,1
,,,0
,,,0
,,,0
,,,0
,,,0
,,,1
,,,0
,,,0
,,,0
,,,0
,,,1
,,,0
,,,0
,,,1
,,,1
,,,1
,,,0
,,,0
,,,1
,,,0
,,,0
,,,1
,,,0
,,,0
,,,0
,,,1
,,,0
,,,0
,,,1
,,,0
,,,0
,,,0
,,,0
,,,0
,,,0
,,,0
,,,0
,,,0
,,,1
,,,0
,,,0
,,,0
,,,0
,,,0
,,,0
,,,0
,,,1
,,,0
,,,0
,,,0
,,,1
,,,0
,,,0
,,,0
,,,1
,,,1
,,,0
,,,0
,,,0
,,,0
,,,0
,,,0
,,,0
,,,1
,,,0
,,,0
,,,0
,,,0
,,,1
,,,0
,,,0
,,,0
,,,1
,,,0
,,,0
,,,0
,,,1
,,,0
,,,0
,,,0
,,,1
,,,0
,,,0
,,,0
,,,0
,,,1
,,,1
,,,0
,,,0
,,,0
,,,0
,,,0
,,,1
,,,0
,,,0
,,,0
,,,1
,,,1
,,,1
,,,1
,,,0
,,,0
,,,1
,,,1
,,,0
,,,0
,,,0
,,,0
,,,0
,,,0
,,,0
,,,0
,,,0
,,,0
,,,0
,,,0
,,,0
,,,1
,,,1
,,,0
,,,0
,,,0
,,,0
,,,0
,,,0
,,,0
,,,1
,,,0
,,,0
,,,0
,,,0
,,,0
,,,0
,,,0
,,,1
,,,0
,,,1
,,,1
,,,0
,,,0
,,,0
,,,1
,,,0
,,,1
,,,0
,,,1
,,,0
,,,1
,,,0
,,,1
,,,0
,,,0
,,,1
,,,0
,,,0
,,,1
,,,0
,,,0
,,,0
,,,0
,,,1
,,,1
,,,0
,,,1
,,,0
,,,0
,,,0
,,,0
,,,1
,,,1
,,,0
,,,1
,,,0
,,,0
,,,0
,,,1
,,,1
,,,0
,,,0
,,,0
,,,0
,,,0
,,,0
,,,0
,,,0
,,,0
,,,0
,,,1
,,,0
,,,0
,,,0
,,,0
,,,1
,,,0
,,,0
,,,1
,,,0
,,,0
,,,0
,,,1
,,,0
,,,0
,,,0
,,,1
,,,1
,,,1
,,,0
,,,0
,,,0
,,,0
,,,0
,,,0
,,,1
,,,0
,,,0
,,,0
,,,1
,,,0
,,,1
,,,1
,,,1
,,,1
,,,0
,,,1
,,,1
,,,0
,,,0
,,,0
,,,0
,,,0
,,,0
,,,0
,,,1
,,,1
,,,0
,,,1
,,,0
,,,0
,,,1
,,,0
,,,1
,,,0
,,,0
,,,0
,,,0
,,,0
,,,1
,,,0
,,,1
,,,0
,,,1
,,,0
,,,1
,,,1
,,,0
,,,0
,,,0
,,,0
,,,1
,,,1
,,,0
,,,0
,,,0
,,,1
,,,0
,,,1
,,,1
,,,0
,,,0
,,,1
,,,0
,,,0
,,,1
,,,1
,,,0
,,,0
,,,1
,,,0
,,,0
,,,1
,,,0
,,,0
,,,0
,,,0
,,,0
,,,0
,,,0
,,,1
,,,1
,,,1
,,,0
,,,0
,,,0
,,,0
,,,0
,,,0
,,,1
,,,1
,,,0
,,,0
,,,1
,,,0
,,,0
,,,1
,,,0
,,,1
,,,1
,,,1
,,,0
,,,0
,,,1
,,,1
,,,1
,,,0
,,,1
,,,0
,,,1
,,,0
,,,1
,,,0
,,,0
,,,0
,,,0
,,,1
,,,0
,,,1
,,,0
,,,1
,,,1
,,,0
,,,1
,,,0
,,,0
,,,1
,,,0
,,,1
,,,1
,,,0
,,,0
,,,1
,,,0
,,,1
,,,0
,,,0
,,,1
,,,0
,,,1
,,,0
,,,1
,,,1
,,,1
,,,0
,,,0
,,,1
,,,0
,,,1
,,,0
,,,1
,,,1
,,,0
,,,0
,,,0
,,,0
,,,0
,,,0
,,,0
,,,0
,,,1
,,,1
,,,1
,,,0
,,,0
,,,1
,,,1
,,,1
,,,0
,,,0
,,,0
,,,1
,,,0
,,,0
,,,0
,,,1
,,,1
,,,0
,,,0
,,,1
,,,1
,,,1
,,,1
,,,1
,,,0
,,,0
,,,0
,,,0
,,,0
,,,0
,,,0
,,,0
,,,0
,,,0
,,,1
,,,0
,,,0
,,,0
,,,0
,,,0
,,,0
,,,0
,,,0
,,,1
,,,0
,,,1
,,,1
,,,0
,,,0
,,,0
,,,1
,,,0
,,,0
,,,0
,,,0
,,,1
,,,1
,,,0
,,,0
,,,0
,,,0
,,,1
,,,1
,,,0
,,,0
,,,0
,,,1
,,,0
,,,1
,,,0
,,,1
,,,0
,,,0
,,,0
,,,0
,,,0
,,,1
,,,1
,,,1
,,,1
,,,1
,,,0
,,,0
,,,1
,,,1
,,,0
,,,1
,,,0
,,,1
,,,1
,,,1
,,,0
,,,0
,,,0
,,,0
,,,0
,,,0
,,,1
,,,1
,,,0
,,,1
,,,0
,,,0
,,,0
,,,1
,,,1
,,,1
,,,1
,,,0
,,,1
,,,1
,,,1
,,,1
,,,0
,,,0
,,,0
,,,0
,,,0
,,,1
,,,0
,,,0
,,,1
,,,1
,,,0
,,,0
,,,0
,,,1
,,,1
,,,1
,,,1
,,,0
,,,0
,,,0
,,,1
,,,1
,,,0
,,,1
,,,0
,,,0
,,,0
,,,0
,,,0
,,,0
,,,0
,,,0
,,,1
,,,1
,,,0
,,,0
,,,0
,,,1
,,,0
,,,1
,,,0
,,,0
,,,1
,,,0
,,,1
,,,0
,,,0
,,,1
,,,1
,,,0
,,,0
,,,0
,,,0
,,,0
,,,1
,,,0
,,,0
,,,0
,,,1
,,,0
,,,0
,,,1
,,,1
,,,0
,,,0
,,,1
,,,0
,,,0
,,,0
,,,1
,,,1
,,,1
,,,0
,,,0
,,,1
,,,0
,,,1
,,,0
,,,1
,,,1
,,,0
,,,1
,,,0
,,,1
,,,0
,,,1
,,,0
,,,1
,,,1
,,,0
,,,0
,,,0
,,,0
,,,1
,,,1
,,,0
,,,1
,,,0
,,,1
,,,0
,,,0
,,,0
,,,0
,,,1
,,,1
,,,0
,,,1
,,,0
,,,1
,,,0
,,,0
,,,0
,,,0
,,,0
,,,1
,,,0
,,,0
,,,0
,,,0
,,,1
,,,0
,,,0
,,,1
,,,1
,,,1
,,,0
,,,0
,,,1
,,,0
,,,0
,,,1
,,,0
,,,0
,,,0
,,,1
,,,0
,,,0
,,,1
,,,0
,,,0
,,,0
,,,0
,,,0
,,,0
,,,0
,,,0
,,,0
,,,1
,,,0
,,,0
,,,0
,,,0
,,,0
,,,0
,,,0
,,,1
,,,0
,,,0
,,,0
,,,1
,,,0
,,,0
,,,0
,,,1
,,,1
,,,0
,,,0
,,,0
,,,0
,,,0
,,,0
,,,0
,,,1
,,,0
,,,0
,,,0
,,,0
,,,1
,,,0
,,,1
,,,0
,,,0
,,,1
,,,0
,,,0
,,,0
,,,1
,,,0
,,,0
,,,0
,,,0
,,,0
,,,0
,,,0
,,,0
,,,1
,,,0
,,,0
,,,0
,,,0
,,,1
,,,0
,,,1
,,,0
,,,0
,,,1
,,,0
,,,0
,,,0
,,,1
,,,0
,,,0
,,,1
,,,0
,,,0
,,,0
,,,0
,,,0
,,,0
,,,0
,,,0
,,,0
,,,1
,,,0
,,,0
,,,0
,,,0
,,,0
,,,1
,,,1
,,,1
,,,0
,,,1
,,,1
,,,0
,,,0
,,,1
,,,0
,,,0
,,,1
,,,0
,,,0
,,,1
,,,1
,,,0
,,,0
,,,0
,,,0
,,,1
,,,0
,,,0
,,,1
,,,0
,,,0
,,,0
,,,0
,,,0
,,,0
,,,0
,,,1
,,,1
,,,1
,,,0
,,,0
,,,1
,,,0
,,,0
,,,1
,,,0
,,,0
,,,1
,,,0
,,,1
,,,1
,,,0
,,,1
,,,0
,,,1
,,,0
,,,1
,,,0
,,,1
,,,1
,,,0
,,,0
,,,0
,,,0
,,,1
,,,1
,,,0
,,,1
,,,0
,,,1
,,,0
,,,0
,,,0
,,,0
,,,1
,,,1
,,,0
,,,1
,,,0
,,,1
,,,0
,,,0
,,,0
,,,1
,,,0
,,,0
,,,0
,,,0
,,,1
,,,1
,,,0
,,,1
,,,0
,,,0
,,,0
,,,0
,,,1
,,,1
,,,0
,,,1
,,,0
,,,0
,,,0
,,,1
,,,1
,,,0
,,,0
,,,0
,,,0
,,,0
,,,0
,,,0
,,,0
,,,0
,,,0
,,,1
,,,0
,,,0
,,,0
,,,0
,,,1
,,,0
,,,0
,,,1
,,,0
,,,0
,,,0
,,,1
,,,0
,,,0
,,,0
,,,1
,,,1
,,,1
,,,0
,,,0
,,,0
,,,0
,,,0
,,,0
,,,1
,,,0
,,,0
,,,0
,,,1
,,,0
,,,1
,,,1
,,,1
,,,1
,,,0
,,,1
,,,1
,,,0
,,,0
,,,0
,,,0
,,,0
,,,0
,,,0
,,,1
,,,1
,,,0
,,,1
,,,0
,,,0
,,,1
,,,0
,,,1
,,,0
,,,0
,,,0
,,,0
,,,0
,,,1
,,,0
,,,1
,,,0
,,,1
,,,0
,,,1
,,,1
,,,0
,,,0
,,,0
,,,0
,,,1
,,,1
,,,0
,,,0
,,,0
,,,1
,,,0
,,,1
,,,1
,,,0
,,,0
,,,1
,,,0
,,,0
,,,1
,,,1
,,,0
,,,0
,,,1
,,,0
,,,0
,,,1
,,,0
,,,0
,,,0
,,,0
,,,0
,,,0
,,,0
,,,1
,,,1
,,,1
,,,0
,,,0
,,,0
,,,0
,,,0
,,,0
,,,1
,,,1
,,,0
,,,0
,,,1
,,,0
,,,0
,,,1
,,,0
,,,1
,,,1
,,,1
,,,0
,,,0
,,,1
,,,1
,,,1
,,,0
,,,1
,,,0
,,,1
,,,0
,,,1
,,,0
,,,0
,,,0
,,,0
,,,1
,,,0
,,,0
,,,0
,,,1
,,,1
,,,1
,,,0
,,,0
,,,0
,,,1
,,,0
,,,1
,,,0
,,,0
,,,1
,,,0
,,,0
,,,0
,,,0
,,,1
,,,0
,,,0
,,,1
,,,0
,,,0
,,,0
,,,0
,,,1
,,,0
,,,0
,,,1
,,,0
,,,1
,,,0
,,,0
,,,0
,,,1
,,,0
,,,1
,,,0
,,,0
,,,0
,,,0
,,,0
,,,1
,,,0
,,,0
,,,0
,,,0
,,,0
,,,1
,,,0
,,,0
,,,0
,,,1
,,,0
,,,0
,,,0
,,,0
,,,1
,,,0
,,,0
,,,0
,,,0
,,,0
,,,1
,,,1
,,,0
,,,0
,,,0
,,,0
,,,0
,,,0
,,,0
,,,0
,,,1
,,,1
,,,1
,,,0
,,,0
,,,1
,,,1
,,,1
,,,0
,,,0
,,,0
,,,1
,,,0
,,,0
,,,0
,,,1
,,,1
,,,0
,,,0
,,,1
,,,1
,,,1
,,,1
,,,1
,,,0
,,,0
,,,0
,,,0
,,,0
,,,0
,,,0
,,,0
,,,0
,,,0
,,,1
,,,0
,,,0
,,,0
,,,0
,,,0
,,,0
,,,0
,,,0
,,,1
,,,0
,,,1
,,,1
,,,0
,,,0
,,,0
,,,1
,,,0
,,,0
,,,0
,,,0
,,,1
,,,1
,,,0
,,,0
,,,0
,,,0
,,,1
,,,1
,,,0
,,,0
,,,0
,,,1
,,,0
,,,1
,,,0
